{
  "Name": "MCMS 5.2.4 Arbitrary File Upload",
  "Description": "<p>Mingfei MCms is a complete open source content management system.</p><p>MCms 5.2.4 version /file/upload.do has arbitrary file upload vulnerabilities. Attackers can upload malicious Trojan horses to control server permissions.</p>",
  "Product": "MCMS",
  "Homepage": "https://gitee.com/mingSoft/MCMS",
  "DisclosureDate": "2022-01-04",
  "Author": "1291904552@qq.com",
  "FofaQuery": "body=\"ms/1.0.0/ms.js\" || body=\"铭飞MCMS\"",
  "GobyQuery": "body=\"ms/1.0.0/ms.js\" || body=\"铭飞MCMS\"",
  "Level": "2",
  "Impact": "<p>MCms 5.2.4 version /file/upload.do has arbitrary file upload vulnerabilities. Attackers can upload malicious Trojan horses to control server permissions.</p>",
  "Recommendation": "<p>The vendor has released a bug fix, please pay attention to the update in time: <a href=\"https://gitee.com/mingSoft/MCMS\">https://gitee.com/mingSoft/MCMS</a></p><p>1. Set access policies and whitelist access through security devices such as firewalls.</p><p>2. If not necessary, prohibit public network access to the system.</p>",
  "Translation": {
    "CN": {
      "Name": "铭飞MCms 5.2.4版本 存在任意文件上传漏洞",
      "VulType": ["文件上传"],
	  "Tags": ["文件上传"],
      "Description": "<p>铭飞MCms 是一款完整开源的内容管理系统。</p><p>铭飞MCms 5.2.4版本 /file/upload.do 存在任意文件上传漏洞，攻击者可上传恶意木马控制服务器权限。</p>",
      "Impact": "<p>铭飞MCms 5.2.4版本 /file/upload.do 存在任意文件上传漏洞，攻击者可上传恶意木马控制服务器权限。</p>",
      "Product": "MCMS",
      "Recommendation": "<p>⼚商已发布了漏洞修复程序，请及时关注更新：<a href=\"https://gitee.com/mingSoft/MCMS\">https://gitee.com/mingSoft/MCMS</a></p><p>1、通过防⽕墙等安全设备设置访问策略，设置⽩名单访问。</p><p>2、如⾮必要，禁⽌公⽹访问该系统。</p>"
    },
    "EN": {
      "Name": "MCMS 5.2.4 Arbitrary File Upload",
      "VulType": ["file-upload"],
	  "Tags": ["file-upload"],
      "Description": "<p>Mingfei MCms is a complete open source content management system.</p><p>MCms 5.2.4 version /file/upload.do has arbitrary file upload vulnerabilities. Attackers can upload malicious Trojan horses to control server permissions.</p>",
      "Impact": "<p>MCms 5.2.4 version /file/upload.do has arbitrary file upload vulnerabilities. Attackers can upload malicious Trojan horses to control server permissions.</p>",
      "Product": "MCMS",
      "Recommendation": "<p>The vendor has released a bug fix, please pay attention to the update in time: <a href=\"https://gitee.com/mingSoft/MCMS\">https://gitee.com/mingSoft/MCMS</a></p><p>1. Set access policies and whitelist access through security devices such as firewalls.</p><p>2.If not necessary, prohibit public network access to the system.</p>"
    }
  },
  "References": [
    "https://forum.butian.net/share/998"
  ],
  "HasExp": true,
  "ExpParams": [
    {
      "name": "AttackType",
      "type": "select",
      "value": "Behinder3.0"
    }
  ],
  "ExpTips": null,
  "ScanSteps": null,
  "Tags": [
    "file-upload"
  ],
  "VulType": [
    "file-upload"
  ],
  "CVEIDs": [
    ""
  ],
  "CVSSScore": "8.0",
  "AttackSurfaces": {
    "Application": null,
    "Support": null,
    "Service": null,
    "System": null,
    "Hardware": null
  },
  "CNNVD": [
    ""
  ],
  "CNVD": [
    ""
  ]
}