{
  "Name": "Terramaster F4-210 name RCE",
  "Description": "<p>TerraMaster F2-210 and F4-210 are NAS (Network Attached Storage) devices of Terramaster, Shenzhen, China.</p><p>TerraMaster F2-210 and F4-210 have arbitrary command execution vulnerabilities. Attackers can execute arbitrary codes by forging sessions by leaking sensitive information and gain server permissions.</p>",
  "Product": "TerraMaster F4-210",
  "Homepage": "https://www.terra-master.com/cn/",
  "DisclosureDate": "2022-01-04",
  "Author": "1291904552@qq.com",
  "FofaQuery": "title=\"TOS Loading\"",
  "GobyQuery": "title=\"TOS Loading\"",
  "Level": "2",
  "Impact": "<p>TerraMaster F2-210 and F4-210 have arbitrary command execution vulnerabilities. Attackers can execute arbitrary codes by forging sessions by leaking sensitive information and gain server permissions.</p>",
  "Recommendation": "<p>The vendor has released a bug fix, please pay attention to the update in time: <a href=\"https://www.terra-master.com/cn/\">https://www.terra-master.com/cn/</a></p><p>1. Set access policies and whitelist access through security devices such as firewalls.</p><p>2.If not necessary, prohibit public network access to the system.</p>",
  "Translation": {
    "CN": {
      "Name": "Terramaster 存储设备 F4-210 name 参数远程命令执行漏洞",
      "VulType": ["命令执行"],
	  "Tags": ["命令执行"],
      "Description": "<p>TerraMaster F2-210和F4-210是中国深圳市图美电子技术（Terramaster）公司的NAS（网络附属存储）设备。</p><p>TerraMaster F2-210和F4-210存在任意命令执行漏洞，攻击者可通过敏感信息泄露伪造session来执行任意代码，获取服务器权限。</p>",
      "Impact": "<p>TerraMaster F2-210和F4-210存在任意命令执行漏洞，攻击者可通过敏感信息泄露伪造session来执行任意代码，获取服务器权限。</p>",
      "Product": "TerraMaster F4-210",
      "Recommendation": "<p>⼚商已发布了漏洞修复程序，请及时关注更新：<a href=\"https://www.terra-master.com/cn/\">https://www.terra-master.com/cn/</a></p><p>1、通过防⽕墙等安全设备设置访问策略，设置⽩名单访问。</p><p>2、如⾮必要，禁⽌公⽹访问该系统。</p>"
    },
    "EN": {
      "Name": "Terramaster F4-210 name RCE",
      "VulType": ["rce"],
	  "Tags": ["rce"],
      "Description": "<p>TerraMaster F2-210 and F4-210 are NAS (Network Attached Storage) devices of Terramaster, Shenzhen, China.</p><p>TerraMaster F2-210 and F4-210 have arbitrary command execution vulnerabilities. Attackers can execute arbitrary codes by forging sessions by leaking sensitive information and gain server permissions.</p>",
      "Impact": "<p>TerraMaster F2-210 and F4-210 have arbitrary command execution vulnerabilities. Attackers can execute arbitrary codes by forging sessions by leaking sensitive information and gain server permissions.</p>",
      "Product": "TerraMaster F4-210",
      "Recommendation": "<p>The vendor has released a bug fix, please pay attention to the update in time: <a href=\"https://www.terra-master.com/cn/\">https://www.terra-master.com/cn/</a></p><p>1. Set access policies and whitelist access through security devices such as firewalls.</p><p>2.If not necessary, prohibit public network access to the system.</p>"
    }
  },
  "References": [
    "https://packetstormsecurity.com/files/165399/terramaster-exec.py.txt"
  ],
  "HasExp": true,
  "ExpParams": [
    {
      "name": "cmd",
      "type": "input",
      "value": "id"
    }
  ],
  "ExpTips": null,
  "ScanSteps": null,
  "Tags": [
    "rce"
  ],
  "VulType": [
    "rce"
  ],
  "CVEIDs": [
    ""
  ],
  "CVSSScore": "9.0",
  "AttackSurfaces": {
    "Application": null,
    "Support": null,
    "Service": null,
    "System": null,
    "Hardware": null
  },
  "CNNVD": [
    ""
  ],
  "CNVD": [
    ""
  ]
}