{
  "Name": "PowerCreator CMS Arbitrary File Upload",
  "Description": "PowerCreator CMS has a file upload vulnerability, causing the server to be compromised.",
  "Product": "PowerCreator-CMS",
  "Homepage": "http://www.powercreator.com.cn/",
  "DisclosureDate": "2020-11-10",
  "Author": "itardc@163.com",
  "FofaQuery": "app=\"PowerCreator-CMS\"",
  "Level": "3",
  "Impact": "",
  "Recommendation": "",
  "References": [
    "https://xz.aliyun.com/t/8478"
  ],
  "HasExp": true,
  "ExpParams": null,
  "ExpTips": {
    "Type": "",
    "Content": ""
  },
  "ScanSteps": null,
  "ExploitSteps": null,
  "Tags": ["getshell"],
  "CVEIDs": null,
  "CVSSScore": null,
  "AttackSurfaces": {
    "Application": ["PowerCreator-CMS"],
    "Support": null,
    "Service": null,
    "System": null,
    "Hardware": null
  }
}