{
  "Name": "ultrapower cmdserver cloud management platform remote command execution",
  "Description": "<p>There is a remote command execution vulnerability in the Shenzhou Taiyue cmdserver cloud management platform, and attackers can implement command execution by constructing special network requests <span style=\"color: rgb(22, 51, 102); font-size: 16px;\">to control the entire web server.</span>.</p><p>Affected versions are versions before 2020.</p>",
  "Product": "cmdserver",
  "Homepage": "https://www.ultrapower.com.cn",
  "DisclosureDate": "2022-06-20",
  "Author": "twcjw",
  "FofaQuery": "body=\"神州泰岳\"",
  "GobyQuery": "body=\"神州泰岳\"",
  "Level": "3",
  "Impact": "<p>Attackers can implement command execution by constructing special network requests to control the entire web server.</p><p>Affected versions are versions before 2020.</p>",
  "Recommendation": "<p>&nbsp;The manufacturer has released an upgrade patch to fix this security issue, patch access link：<span style=\"color: rgb(22, 51, 102); font-size: 16px;\"><a href=\"https://www.ultrapower.com.cn/portal/ultraWeb.action\">https://www.ultrapower.com.cn/portal/ultraWeb.action</a></span><br></p>",
  "References": [
    "https://fofa.so/"
  ],
  "Is0day": false,
  "HasExp": true,
  "ExpParams": [
    {
      "name": "cmd",
      "type": "input",
      "value": "whoami",
      "show": ""
    }
  ],
  "ExpTips": {
    "Type": "",
    "Content": ""
  },
  "ScanSteps": [
    "AND",
    {
      "Request": {
        "method": "GET",
        "uri": "/test.php",
        "follow_redirect": true,
        "header": {},
        "data_type": "text",
        "data": ""
      },
      "ResponseTest": {
        "type": "group",
        "operation": "AND",
        "checks": [
          {
            "type": "item",
            "variable": "$code",
            "operation": "==",
            "value": "200",
            "bz": ""
          },
          {
            "type": "item",
            "variable": "$body",
            "operation": "contains",
            "value": "test",
            "bz": ""
          }
        ]
      },
      "SetVariable": []
    }
  ],
  "ExploitSteps": [
    "AND",
    {
      "Request": {
        "method": "GET",
        "uri": "/test.php",
        "follow_redirect": true,
        "header": {},
        "data_type": "text",
        "data": ""
      },
      "ResponseTest": {
        "type": "group",
        "operation": "AND",
        "checks": [
          {
            "type": "item",
            "variable": "$code",
            "operation": "==",
            "value": "200",
            "bz": ""
          },
          {
            "type": "item",
            "variable": "$body",
            "operation": "contains",
            "value": "test",
            "bz": ""
          }
        ]
      },
      "SetVariable": []
    }
  ],
  "Tags": [
    "Command Execution"
  ],
  "VulType": [
    "Command Execution"
  ],
  "CVEIDs": [
    ""
  ],
  "CNNVD": [
    ""
  ],
  "CNVD": [
    ""
  ],
  "CVSSScore": "9.8",
  "Translation": {
    "CN": {
      "Name": "神州泰岳 cmdserver 云管理平台远程命令执行",
      "Product": "cmdserver",
      "Description": "<p><span style=\"color: rgb(22, 51, 102); font-size: 16px;\">神州泰岳cmdserver云管理平台存在远程命令执行漏洞，攻击者可通过构造特殊网络请求实现命令执行，<span style=\"color: rgb(22, 51, 102); font-size: 16px;\">进而控制整个web服务器</span>。</span></p><p><span style=\"color: rgb(22, 51, 102); font-size: 16px;\">受影响版本为2020年之前版本</span></p>",
      "Recommendation": "<p>厂商已经发布了升级补丁以修复此安全问题，补丁获取链接：<a href=\"https://www.ultrapower.com.cn/portal/ultraWeb.action\">https://www.ultrapower.com.cn/portal/ultraWeb.action</a><br></p>",
      "Impact": "<p>攻击者可通过构造特殊网络请求实现命令执行，进而控制整个web服务器。</p><p>受影响版本为2020年之前版本。</p>",
      "VulType": [
        "命令执⾏"
      ],
      "Tags": [
        "命令执⾏"
      ]
    },
    "EN": {
      "Name": "ultrapower cmdserver cloud management platform remote command execution",
      "Product": "cmdserver",
      "Description": "<p>There is a remote command execution vulnerability in the Shenzhou Taiyue cmdserver cloud management platform, and attackers can implement command execution by constructing special network requests <span style=\"color: rgb(22, 51, 102); font-size: 16px;\">to control the entire web server.</span>.</p><p>Affected versions are versions before 2020.</p>",
      "Recommendation": "<p>&nbsp;The manufacturer has released an upgrade patch to fix this security issue, patch access link：<span style=\"color: rgb(22, 51, 102); font-size: 16px;\"><a href=\"https://www.ultrapower.com.cn/portal/ultraWeb.action\">https://www.ultrapower.com.cn/portal/ultraWeb.action</a></span><br></p>",
      "Impact": "<p>Attackers can implement command execution by constructing special network requests to control the entire web server.</p><p>Affected versions are versions before 2020.</p>",
      "VulType": [
        "Command Execution"
      ],
      "Tags": [
        "Command Execution"
      ]
    }
  },
  "AttackSurfaces": {
    "Application": null,
    "Support": null,
    "Service": null,
    "System": null,
    "Hardware": null
  }
}