{
  "Name": "UTT Net Management System default password CNVD-2021-23505",
  "Description": "UTT Net Management System has a default password. Attackers can log in throung admin:admin,check the system status, configurate the Net Management System,and configure VPN.",
  "Product": "UTT Net Management System",
  "Homepage": "https://www.utt.com.cn/",
  "DisclosureDate": "2021-06-09",
  "Author": "Bygosec",
  "GobyQuery": "title=\"艾泰科技\" || app=\"UTT-Device\"",
  "Level": "3",
  "Impact": "<p>Attackers can log in throung admin:admin,check the system status,configurate the Net Management System,and configure VPN.<br></p>",
  "Recommandation": "<p>Modify the default password of the Net Management System.<br></p>",
  "References": [
    "https://www.cnvd.org.cn/flaw/show/CNVD-2021-23505"
  ],
  "HasExp": true,
  "ExpParams": [],
  "ExpTips": {
    "Type": "",
    "Content": ""
  },
  "ScanSteps": [
    "AND"
  ],
  "ExploitSteps": null,
  "Tags": [
    "defaultaccount"
  ],
  "CVEIDs": [
    "CNVD-2021-23505"
  ],
  "CVSSScore": "0.0",
  "AttackSurfaces": {
    "Application": ["UTT-Device"],
    "Support": null,
    "Service": null,
    "System": null,
    "Hardware": null
  }
}